title,link,source,published_str,pub_date,doi,last_author,abstract,abstract_source,must_have_abstract
Electrocatalytic galvanic cells: A paradigm toward spontaneous chemicals synthesis and electricity generation,https://academic.oup.com/nsr/advance-article/doi/10.1093/nsr/nwag396/8719657?rss=1,National Science Review Advance Access,2026-06-27 00:00:00 UTC,2026-06-27 00:00:00+00:00,10.1093/nsr/nwag396,Zhong-Shuai Wu,Electrocatalytic galvanic cells redefine electrochemical energy conversion by enabling the spontaneous co-production of chemicals and electricity from renewable and waste feedstocks.,crossref,0
Bispecific antibody engineered extracellular vesicles redirect T cells to prevent postoperative epidural fibrosis,https://www.nature.com/articles/s41467-026-74883-3,Biological sciences : Nature Communications subject feeds,2026-06-27 00:00:00 UTC,2026-06-27 00:00:00+00:00,,Zheng Zhang,"Epidural fibrosis (EF) is a frequent and debilitating complication that impairs recovery following spinal surgery, yet effective targeted therapies are lacking. Here we observe enrichment of FAP⁺ fibroblasts at surgical sites in patients after laminectomy. To therapeutically target this subset, we develop bispecific antibody–decorated extracellular vesicles (BsAb EVs), which redirect endogenous T cells to eliminate FAP⁺ fibroblasts in situ. In a preclinical model, BsAb EVs selectively eliminate pathogenic fibroblasts, reduce fibrotic collagen accumulation, and prevent the development of postoperative epidural fibrosis without detectable systemic toxicity under the tested conditions. Single-cell RNA sequencing reveals that FAP⁺ fibroblasts represent a transcriptionally distinct subset from α-SMA⁺ myofibroblasts, characterized by enhanced extracellular matrix remodeling and TGF-β production. Together, these findings highlight a critical stromal subset in EF pathogenesis and position BsAb EVs as a promising immunotherapeutic strategy for targeting pathogenic stromal cells in fibrotic and tissue-remodeling disorders.",nature_html,0
Hyperbranched dielectric polymer networks exhibiting giant energy storage density at 250 °C,https://www.nature.com/articles/s41467-026-74830-2,Physical sciences : Nature Communications subject feeds,2026-06-27 00:00:00 UTC,2026-06-27 00:00:00+00:00,,Qi Li,"Harsh-environment requirements of electrical and electronic systems demand advanced dielectrics with high energy storage density at elevated temperatures. Heat-resistant polymers are usually designed with densely packed molecular chains to maintain structural integrity. Unfortunately, the narrowed inter-chain spacing causes severe charge transfer under high electro-thermal fields, prohibiting capacitive energy storage beyond 200 °C. Here we report hyperbranched dielectric polymer networks as a solution to the persistent challenge. The hyperbranched topological junctions not only transform the linear polymer chains into a robust network to tolerate thermal stress, but also expand the inter-chain spacing to inhibit charge transfer. Results suggest that the hyperbranched networks exhibit suppressed secondary chain relaxation alongside expanded free volume. Moreover, the customizable chemical structure of hyperbranched centers renders this method general to capacitive polymer design. The hyperbranched polymer networks exhibit an exceptionally high discharged energy density of 4.9 J/cm3 above 90% efficiency at 250 °C, surpassing the existing polymeric dielectrics.",nature_html,0
Development and validation of a multiancestry and multitrait polygenic risk score for lung cancer,https://www.nature.com/articles/s41467-026-74964-3,Biological sciences : Nature Communications subject feeds,2026-06-27 00:00:00 UTC,2026-06-27 00:00:00+00:00,,Sipeng Shen,"Polygenic risk scores (PRSs) quantify genetic susceptibilities, yet ancestry imbalance in genome-wide association studies (GWASs) limits the accuracy of monoracial PRSs in non-European populations. Here, we perform a multiancestry GWAS meta-analysis for lung cancer (76,953 cases and 1,886,372 controls), identifying 87 conditionally independent genome-wide significant loci, including two unreported cytobands. We use a PRS construction method, PRS-CSx, to develop a multiancestry PRS (PRSMA"" role=""presentation"">PRSMA{{{{\rm{PRS}}}}}_{{{{\rm{MA}}}}}) which outperforms 32 published PRSs. To enhance predictive power, we construct a multitrait PRS (PRSMT"" role=""presentation"">PRSMT{{{{\rm{PRS}}}}}_{{{{\rm{MT}}}}}) using CatBoost, integrating 32 cross-trait PRSs across three ancestries. Combining PRSMA"" role=""presentation"">PRSMA{{{{\rm{PRS}}}}}_{{{{\rm{MA}}}}} and PRSMT"" role=""presentation"">PRSMT{{{{\rm{PRS}}}}}_{{{{\rm{MT}}}}}, we generate PRSMAMT"" role=""presentation"">PRSMAMT{{{{\rm{PRS}}}}}_{{{{\rm{MAMT}}}}} and validate it in independent cohorts (OncoArray, TRICL and All of Us). PRSMAMT"" role=""presentation"">PRSMAMT{{{{\rm{PRS}}}}}_{{{{\rm{MAMT}}}}} demonstrates superior discriminability in European, Asian, and African populations, improves risk stratification, and identifies approximately 10% additional lung cancer cases in the UK Biobank. Individuals with elevated PLCOm2012 scores and high genetic risk exhibit a 12.64-fold higher cumulative risk than those with low scores and low genetic risk, supporting precision prevention strategies.",nature_html,0
Splenic macrophage-B cell axis drives systemic autoimmune-like pathology in Cerebral Malaria,https://www.nature.com/articles/s41467-026-74882-4,Biological sciences : Nature Communications subject feeds,2026-06-27 00:00:00 UTC,2026-06-27 00:00:00+00:00,,Dan Lu,"Cerebral malaria (CM) is a severe complication of Plasmodium infection, classically attributed to parasite sequestration and neuroinflammation. Here, we uncover a spleen-centered humoral autoimmune circuit that drives CM pathology. Proteomic analyses identify CD36 as a dominant host-derived antigen enriched in infected red blood cells (iRBCs), triggering anti-CD36 autoantibody production in patients with falciparum malaria. Although contributing to iRBCs clearance, these autoantibodies also target other CD36-expressing cells, thereby driving thrombocytopenia, endothelial injury, and macrophage activation, ultimately amplifying systemic inflammation. Mechanistically, Plasmodium infection recruits Ly6c+Glut1hi macrophages to the spleen through the CCL2-CCR2 axis. These macrophages exhibit elevated proteasome activity and drive B cell activation and anti-CD36 antibody production. Targeting Ly6c+Glut1hi macrophages, we develop Glutoborin, a GLUT1-directed proteasome inhibitor that preferentially suppresses their function, reduces autoantibody production, and alleviates CM-associated pathology in vivo. Together, these findings establish a spleen-centered anti-CD36 autoimmune circuit as a key driver of CM and nominate Ly6c+Glut1hi macrophages as therapeutic targets.",nature_html,0
Multilayered control of mRNA delivery to cell protrusions drives localized mini-cytoplasm establishment for stress-induced cell activation,https://www.nature.com/articles/s41467-026-74864-6,Biological sciences : Nature Communications subject feeds,2026-06-27 00:00:00 UTC,2026-06-27 00:00:00+00:00,,Giacomo Donati,"In response to stress, cells exploit plasticity to self-activate and form protrusions that explore the environment and guide migration. While protrusion initiation is well characterized, their maturation and functional composition remain poorly understood. Here, using a new pooled genetic approach (ReGenT-seq) to interrogate chromatin factors controlling epidermal progenitor activation, we unexpectedly identified Cbx3 as a critical determinant of protrusion formation. Beyond its nuclear activities, we revealed a cytoplasmic moonlighting function of CBX3 that governs the subcellular localization of specific mRNAs within polarizing protrusions of migrating epidermal progenitor cells, as well as in invadopodia of squamous carcinoma cells. CBX3-dependent mRNA transport promotes the localized establishment of multiple organelles, including the endoplasmic reticulum and lysosomes, within maturing protrusions, and regulates focal adhesion dynamics. Together, our findings uncover a multilayered gene regulatory mechanism controlling cell motility through protrusionogenesis and identify a chromatin-to-cell-protrusion mRNA transport pathway that represents a potential therapeutic target for enhancing wound healing and limiting cancer invasion.",nature_html,0
In-scanner thoughts contribute to resting-state functional connectivity,https://www.nature.com/articles/s41467-026-74953-6,Biological sciences : Nature Communications subject feeds,2026-06-27 00:00:00 UTC,2026-06-27 00:00:00+00:00,,Peter A. Bandettini,"Resting-state fMRI (rsfMRI) scans—acquired in the absence of experimentally controlled stimuli or task demands—are widely used to identify aberrant patterns of functional connectivity (FC) in clinical populations. To minimize interpretational uncertainty, researchers routinely control for across-cohort disparities in age, gender, comorbidities, and head motion. Yet, studies rarely consider the possibility that systematic differences in inner experience (i.e., how subjects think and feel during the scan) directly affect FC measures. Here, using an rsfMRI dataset comprising 469 scans with retrospective experiential annotations, we show that summary descriptors of in-scanner experience are reproducible across visits and subject-specific, consistent with trait-like characteristics. We further show that widespread significant differences in FC are observed between scans that are associated with different reported experiential profiles, and that FC can predict specific experiential dimensions with performance comparable to that reported for demographic, cognitive, and clinical variables. Together, these findings highlight the key role that in-scanner experience should play when interpreting FC in the context of rsfMRI. Given that the available experiential measures are retrospective summaries, these results speak to stable experiential tendencies rather than potential moment-to-moment, state-dependent relationships between ongoing experience and concurrent brain activity.",nature_html,0
No cloning of quantum ensembles,https://www.nature.com/articles/s41467-026-74924-x,Physical sciences : Nature Communications subject feeds,2026-06-27 00:00:00 UTC,2026-06-27 00:00:00+00:00,,Xiao Yuan,"Modern quantum physics now enables control of quantum systems at the level of individual trajectories, opening a new frontier that links quantum information theory, quantum many-body physics, and quantum thermodynamics, and uncovers novel non-equilibrium phenomena such as deep thermalization and measurement-induced entanglement. However, a central challenge remains: their characterization relies on measuring nonlinear properties of individual quantum states, a task tantamount to fine-grained cloning of a quantum ensemble. Here, the fundamental laws governing the cloning of quantum ensembles are investigated. First, a general no-cloning theorem for arbitrary ensembles is established from an information-theoretic perspective, even assuming multiple copies of the ensemble’s purification. It is then shown that this barrier can be unexpectedly circumvented for physical ensembles generated by finite-time evolutions. Nevertheless, these tasks are proven to remain computationally intractable, even when the full circuit description of state preparation is known. This stands in sharp contrast to the conventional no-cloning theorem, which relies on the state being unknown. Together, these results establish new fundamental principles of quantum mechanics, reveal intrinsic trade-offs among sample complexity, computational complexity, and quantum measurements, and highlight the necessity of problem-specific strategies for probing measurement-induced quantum phenomena.",nature_html,0
Enhanced crystal-melt segregation within dynamic mush systems links silicic cumulates with caldera-forming eruptions,https://www.nature.com/articles/s41467-026-74812-4,Earth and environmental sciences : Nature Communications subject feeds,2026-06-27 00:00:00 UTC,2026-06-27 00:00:00+00:00,,Miguel Â. S. Basei,"Supported by the mush model, the origin of crystal-poor, high-silica rhyolitic magmas (≥ 75 SiO₂ wt.%) is commonly linked to melt extraction in shallow, crystalline mushes, yet their complementary cumulates remain elusive in the upper crust. Here we present the “dynamic mush model” for the Campo Alegre-Corupá system (Brazil), combining textural analysis and thermodynamic modeling to show that high-silica melts formed through upper-crustal fractionation, leaving a granitic residue and feeding a caldera-forming eruption. Syenites and melasyenites represent their silicic-mafic cumulates, the syenites being formed at relatively low crystallinities (~16-33 of bulk vol.%) after extraction of large amounts of interstitial melts (~47-80 of liquid vol.%). In contrast to static models (extraction window ~50-70 vol.%), our results indicate early melt segregation in a dynamic reservoir. Alkali-feldspar crystals were size-selectively and hydraulically sorted by upward melt flow; aggregates were then formed at low crystallinities, supposedly via synneusis, enabling rapid sinking, and were repacked by recharge. This process, enhanced by relatively high magma fluxes, efficiently separated crystals from melt, explaining the origin of large-volume eruptible magmas in the upper crust. Our findings redefine mush evolution while underscoring the role of flow-driven crystal sorting (elutriation) in caldera-forming systems.",nature_html,0
Metal-center electron affinity modulates multicolor electrochromism in 2D conjugated metal-organic frameworks,https://www.nature.com/articles/s41467-026-74941-w,Physical sciences : Nature Communications subject feeds,2026-06-27 00:00:00 UTC,2026-06-27 00:00:00+00:00,,John Wang,"Two-dimensional conjugated metal-organic frameworks are emerging platforms for electrochromic devices, yet the current stage is limited by monotonous color and an unclear coloration mechanism. While prior studies emphasize the ligand-centered redox process, the role of metal centers is often overlooked. Herein, we report a metal-center electron-affinity mechanism that is critical to electrochromic performance. We first employ an unsupervised machine learning method to screen divalent metal-catecholate (CAT) systems, identifying Zn, Ni, and Cu as optimal candidates. All three systems exhibit multicolor transitions from green to blue and eventually to purple; however, Zn- and Ni-CAT-1 significantly outperform Cu-CAT-1, with nearly threefold faster switching speeds (4.8/5.4 vs. 14.4 s) and cycling stability enhanced by two orders of magnitude ( > 20000 vs. 2+ (3d9) possesses a redox-active configuration that favors electron affinity, thereby requiring additional electron participation and a higher energy demand than the relatively inert Ni2+ (3d8) and Zn2+ (3d10). This valence variation also induces stronger metal-oxygen coupling, ultimately leading to slower redox kinetics and structural degradation. As proof of concept, we demonstrate the applicability of these findings to camouflage, displays, and wearables for designing multicolor electrochromic devices.",nature_html,0
Long-distance lanthanide migration regulated by interfacial lattice strain in nanostructures,https://www.nature.com/articles/s41467-026-74447-5,Physical sciences : Nature Communications subject feeds,2026-06-27 00:00:00 UTC,2026-06-27 00:00:00+00:00,,Qianqian Su,"Interfacial strain engineering by controlling lattice mismatch holds implications for both fundamental studies and technological applications of heterostructured nanomaterials. However, defining its role remains challenging because the type, magnitude, and spatial distribution of strain are difficult to regulate at the nanoscale. Here, we establish a controllable model system to regulate interfacial lattice strain in lanthanide-doped core-shell-shell nanolattices by tuning lanthanide composition and shell deposition rate. We show that lattice mismatch governs lanthanide migration across heterointerfaces, thereby dictating crystal growth and optical properties. In hexagonal-phase NaErF4@NaYF4@NaLnF4 nanolattices, when the lattice mismatch exceeds 5.1%, lanthanide ions migrate by up to 13 nm from the core into the shell along the crystallographic direction. Mechanistic studies reveal that large interfacial strain not only promotes anisotropic shell growth by triggering preferential deposition of shell precursors onto specific crystal surfaces but also facilitates the formation of lanthanide vacancies at the core-shell interface. These findings identify interfacial strain as a key regulator of ion diffusion and structural evolution in heterostructured nanocrystals, providing a design principle for constructing heterostructures with spatially confined active ions for applications in bioimaging, nanocatalysis, and quantum information.",nature_html,0
Direct observation of long-range many-body coherence in quasi-one-dimensional attractive Bose gases,https://www.nature.com/articles/s41467-026-74763-w,Physical sciences : Nature Communications subject feeds,2026-06-27 00:00:00 UTC,2026-06-27 00:00:00+00:00,,Chen-Lung Hung,"Macroscopic coherence is an important feature of quantum many-body systems exhibiting collective behaviors, with examples ranging from atomic Bose-Einstein condensates, and quantum liquids to superconductors. Probing many-body coherence in a dynamically unstable regime, however, presents an intriguing and outstanding challenge in out-of-equilibrium quantum many-body physics. Here, we experimentally study the first- and second-order coherence of degenerate quasi-one-dimensional (1D) Bose gases quenched from repulsive to modulationally unstable attractive interaction regimes. The resulting dynamics, monitored by in situ density and matter-wave interference imaging, reveals phase-coherent density wave evolutions, clearly distinguished from iconic soliton trains previously observed in attractive gases. This arises from the interplay between noise-amplified density modulations and dispersive shock waves of broad interest in nonlinear physics, plasmas, granular systems, and beyond. At longer times, the gases become phase-scrambled, exhibiting a finite correlation length. Interestingly, following an interaction quench back to the repulsive regime, we observe that quasi-long-range coherence can be spontaneously re-established. This captivating rephasing dynamics can be attributed to the nucleation and annihilation of density defects in the quasi-1D geometry. These results shed light on out-of-equilibrium phase coherence in quantum many-body systems in a regime where beyond mean-field effects may arise and theoretical approaches have not been well-established.",nature_html,0
Intranasal boosting induces variant-specific responses in SARS-CoV-2 vaccine-imprinted mice,https://www.nature.com/articles/s41467-026-74762-x,Biological sciences : Nature Communications subject feeds,2026-06-27 00:00:00 UTC,2026-06-27 00:00:00+00:00,,Michael S. Diamond,"The continued evolution of SARS-CoV-2 variants that evade immunity highlights a need to develop vaccines that elicit variant-specific antibodies and neutralize emerging strains. However, immune imprinting from antecedent SARS-CoV-2 exposure can limit the generation of such antibodies. Here, we evaluate strategies to enhance variant-specific antibody responses in female mice primed with Wuhan-1 spike-based mRNA or chimpanzee adenoviral-vectored (ChAd) vaccines and boosted with Omicron variant-matched vaccines. Altering the intramuscular injection site did not substantially affect variant-specific serum antibody responses. However, increasing booster antigen doses, performing repeated boosters, and administering booster vaccines intranasally enhanced variant-specific responses against the vaccine-matched Omicron strain. Boosting intranasally with a ChAd vaccine encoding the spike protein of Omicron XBB.1.5 elicited stronger XBB.1.5-specific responses in serum, bronchoalveolar lavage fluid, and draining lymph nodes than intramuscular boosting with the same vaccine. Regardless of booster regimen, neutralizing activity against XBB.1.5 was predominantly mediated by antibodies that were non-reactive to Wuhan-1 spike. These findings establish that in mice, intranasal or repeated variant-matched boosting can overcome the effects of imprinting and enhance immunity against SARS-CoV-2 strains.",nature_html,0
Plasmonic nanocomposite helices for weather-adaptive LiDAR function,https://www.nature.com/articles/s41467-026-75037-1,Physical sciences : Nature Communications subject feeds,2026-06-27 00:00:00 UTC,2026-06-27 00:00:00+00:00,,Hyeon-Ho Jeong,"Reliable light detection and ranging (LiDAR) is often challenged by multiscale water droplets on protective covers, as macroscopic raindrops cause refraction and diffraction, while microscopic fog condensation scatters light, distorting returned signals. Here, we present a bioinspired strategy for multiscale droplet clearance using plasmonic nanocomposite helices that couple passive photothermal antifogging with pressure-stable hydrophobic water repellence. Inspired by penguin feather barbules, copper nanoparticles are embedded within three-dimensional silica nanohelices via glancing angle co-deposition. The copper nanoparticles provide visible-light plasmonic heating while preserving >85% transmittance at 905 nm, and the helical architecture imparts hierarchical roughness, yielding a 143° contact angle. Under 1 sun illumination, the surface shows a 9.3°C temperature rise, clearing condensation within 6 seconds. During natural rainfall (3-5 mm/h), LiDAR transmission through the plasmonic nanohelices remains at 100%, whereas bare glass drops to 70% after 5 minutes. These results demonstrate weather-adaptive LiDAR operation for robust autonomous sensing.",nature_html,0
3D nanoprinting of metals by spatiotemporally confined hot electrons via multiple-electron excitations in nanocrystals,https://www.nature.com/articles/s41467-026-74926-9,Physical sciences : Nature Communications subject feeds,2026-06-27 00:00:00 UTC,2026-06-27 00:00:00+00:00,,Heng Pan,"For decades, multi-photon polymerization has been a key technology for fabricating complex 3D micro- and nanoscale structures from polymer materials. However, extending this capability beyond polymers remains a significant challenge. In particular, nanoscale metal printing is challenging because solid metal formation typically requires energy-driven reactions or thermally activated processes that are difficult to spatially localize, resulting in compromised feature resolution. Here, we demonstrate 3D nanoprinting of metals with depth and lateral resolution",nature_html,0
Haplotype-resolved genome assembly sheds light on the evolutionary history of autohexaploid Tripidium arundinaceum,https://www.nature.com/articles/s41467-026-74742-1,Biological sciences : Nature Communications subject feeds,2026-06-27 00:00:00 UTC,2026-06-27 00:00:00+00:00,,Jisen Zhang,"Tripidium arundinaceum, a wild perennial grass with exceptional stress tolerance, has been tested in sugarcane breeding. Its complex polyploid genome has hindered understanding of its evolution and adaptive traits. Here, we present a high-quality, haplotype-resolved reference genome for autohexaploid T. arundinaceum Hainan92-105 (2n = 6x = 60). T. arundinaceum is likely originated from a diploid ancestor approximately 1.31 million years ago and contains abundant repetitive sequences from two major recent bursts of long terminal repeat retrotransposons following polyploidization. Phylogenetic analyses place Saccharum closer to Sorghum bicolor than to T. arundinaceum, indicating that the polyploidizations in these two lineages occurred independently. Population genomics analysis reveals southwestern China (Yunnan) as a diversity center for T. arundinaceum within China. Genotype–environment associations highlight temperature and precipitation as key local adaptation drivers mediated by stress-associated genes. This study provides a genomic resource for understanding polyploid evolution and climate adaptation in T. arundinaceum.",nature_html,0
Targeting macrophage ferritin heavy chain mitigates ferroptosis and lung injury in experimental acute respiratory distress syndrome,https://www.nature.com/articles/s41467-026-74828-w,Biological sciences : Nature Communications subject feeds,2026-06-27 00:00:00 UTC,2026-06-27 00:00:00+00:00,,Suzanne M. Cloonan,"Ferritin, composed of heavy chain (FTH1) and light chain (FTL) subunits, is a key intracellular iron storage protein, but the origin and biological role of extracellular ferritin (ex-ferritin) remain poorly understood. Elevated serum ex-ferritin is associated with worse outcomes in acute respiratory distress syndrome (ARDS). Here, we show that both FTH1 and FTL are significantly enriched in the serum, blood monocytes, and alveolar macrophages (AM) of individuals with ARDS, findings we replicate in a murine hyperoxia-induced acute lung injury model. Myeloid-specific FTH1 (Fth1ΔLysM) deletion attenuates lung injury, and is associated with reduced macrophage ferroptosis, altered airway inflammatory responses, lower extracellular iron and compensatory secretion of FTL-ex-ferritin. While pharmacologic ferroptosis inhibition prior to hyperoxia had no effect, transplantation of FTL-ex-ferritin-enriched bronchoalveolar lavage fluid conferred protection from lung injury. These findings identify macrophage ferritin metabolism and ex-ferritin secretion as critical regulators of lung injury, offering new insights into the pathobiology of ARDS.",nature_html,0
"Harnessing interfacial click polymerization using pyridinium-yne films as photochromic, radical generation and sensing platforms",https://www.nature.com/articles/s41467-026-74956-3,Physical sciences : Nature Communications subject feeds,2026-06-27 00:00:00 UTC,2026-06-27 00:00:00+00:00,,Yu Fang,"Convenient and effective fabrication of free-standing organic polymer films with tunable properties is highly desirable towards visual sensing applications. Herein, we pioneered an innovative interfacial pyridinium-yne click polymerization strategy to in situ fabricate uniform, defect-free, and large-area films. Using pyridinium salt (HDPP-BF4) as an acceptor and tricarbonylbenzene activated alkyne (TFB-3EK) as a donor, a free-standing HDPP-TFB-BF4 film (Film #1) with precisely tunable thickness from tens to hundreds of nanometers was formed at the air-DMSO interface. Interestingly, Film #1 exhibited promising photochromism, showing a 100 nm hypsochromic shift and a 5-fold fluorescence enhancement under continuous UV irradiation, which induced the formation of a radical-based Film #2. Film #2 served as a portable visual sensing platform for gaseous ammonia, achieving a detection limit as low as 0.16 ppm, and was successfully applied as a colorimetric chart for seafood spoilage. Strategically, an anion exchange of Film #2 with TCNQ- yielded a fluorescence-silent Film #3, which enabled efficient detection and elimination of reactive oxygen species through turn-on fluorescence visualization. This work not only provides a straightforward approach for in situ fabricating versatile polymer films but also establishes a generalizable strategy for developing multi-responsive visualization systems through the rational molecular design and controlled polymer variability.",nature_html,0
Enhancing molecular property prediction of transformer models with dual graph representation,https://www.nature.com/articles/s41467-026-75005-9,Biological sciences : Nature Communications subject feeds,2026-06-27 00:00:00 UTC,2026-06-27 00:00:00+00:00,,Alexei A. Lapkin,"Accurate prediction of molecular properties is central to advancing chemistry, materials science, and drug discovery. Machine learning on molecular graphs depends critically on representations that capture the topology and structure of molecules. Here we propose the dual graph transformer (DGT), a self-attention architecture that jointly models atom and bond graphs to achieve comprehensive molecular encodings. DGT fuses atom and bond features, graph topology and structure, and stereogeometric information within its self-attention module for an effective molecular representation. We benchmark DGT across a range of datasets for molecular property prediction, showing that it considerably outperforms the current state of the art. DGT demonstrates performance contributions from its dual graph representation, relative positional and structural encodings, and stereogeometric information incorporation while also offering interpretability at the molecular structural level. We envision DGT advancing molecular machine learning by improving both the prediction accuracy and interpretability of molecular properties.",nature_html,0
Prediction error correlates in the striosome-dopamine circuit emerge from information gain,https://www.nature.com/articles/s41467-026-73994-1,Biological sciences : Nature Communications subject feeds,2026-06-27 00:00:00 UTC,2026-06-27 00:00:00+00:00,,Alexander Friedman,"The striosome compartments in the striatum gate cortical inputs to dopamine neurons, which then feed back to the striosomes and surrounding matrix. This loop underlies decision-making, learning, and movement. Dopamine signals strongly correlate with reward prediction errors (RPEs) in certain tasks. However, many dopaminergic responses, such as to high costs, novelty, aversive stimuli, and real-time movement guidance, do not align with RPE. Separately, information theory explains how dopamine responds to uncertainty and encodes when rewards are expected to occur. Here, we show that apparent RPE correlations arise mathematically from the information gain of the policy of actions (policy-IG). Policy-IG quantifies how much newly arriving information changes choice. In simple reward tasks, policy-IG reduces to classic RPEs, but it also predicts dopamine responses to aversive events, nonlinear reward scaling, novelty, movement, state valuation, and moment-by-moment decision control. Thus, RPE could be a special case of this more general function. We show that policy-IG is mathematically related to a range of information-centric, Bayesian, active inference, and casual association models, allowing those models to formally incorporate the experimental RPE literature in their support. Simulating impaired policy-IG replicates basal ganglia disorder features, suggesting policy-IG as a target for therapies.",nature_html,0
Structural basis for multivitamin recognition and transport by human SMVT,https://www.nature.com/articles/s41467-026-74948-3,Biological sciences : Nature Communications subject feeds,2026-06-27 00:00:00 UTC,2026-06-27 00:00:00+00:00,,Zhe Zhang,"The human sodium-dependent multivitamin transporter (SMVT, SLC5A6) mediates cellular uptake of essential metabolic cofactors, including biotin, pantothenate, and lipoate. Its dysfunction is associated with neurological disorders, metabolic abnormalities, and cancer. However, the molecular mechanism underlying its multi-substrate transport has remained elusive. Here, we present cryo-electron microscopy structures of human SMVT in three conformational states: occluded, outward-open, and inward-open. These structural snapshots capture the complete transport cycle and reveal a conserved substrate-binding pocket near a kinked transmembrane helix (TM1). Within this pocket, substrate carboxyl groups are electrostatically anchored, while distinct chemical moieties interact with specific polar and hydrophobic residues. Functional assays identify key binding residues and elucidate the pathogenic effects of disease-associated mutations. Further structural analysis delineates the principles of substrate discrimination within the SLC5 transporter family. Together, our work provides a structural framework for SMVT’s polyspecificity and lays a foundation for understanding related diseases and developing targeted therapeutic strategies.",nature_html,0
The quantitative contribution of different Photosystem II compartments to non-photochemical quenching in Arabidopsis,https://www.nature.com/articles/s41467-026-74992-z,Biological sciences : Nature Communications subject feeds,2026-06-27 00:00:00 UTC,2026-06-27 00:00:00+00:00,,Roberta Croce,"Excess excitation energy in the light-harvesting antenna of Photosystem II (PSII) can cause irreversible damage to the photosynthetic apparatus. In periods of high light intensity, a feedback mechanism known as non-photochemical quenching (NPQ) induces the formation of quenchers, which can safely dissipate excess excitation energy as heat. Although quenchers have been identified in more than one compartment of the PSII supercomplex, there is currently no quantitative description of the extent to which NPQ occurs at each of these locations. Here, we perform time-resolved fluorescence measurements on Arabidopsis thaliana WT and antenna mutants lacking LHCII trimers (koLHCII) and all peripheral antenna (Ch1lhcb5). By combining the results with those from steady-state fluorescence experiments, we are able to estimate the intrinsic rate of NPQ for each plant and each PSII compartment. It is concluded that more than 70% of quenching occurs in LHCII, less than 10% in the minor antenna, and the rest is associated with the PSII core.",nature_html,0
A primordial synaptotagmin-independent function of complexin in regulated exocytosis,https://www.nature.com/articles/s41467-026-74947-4,Biological sciences : Nature Communications subject feeds,2026-06-27 00:00:00 UTC,2026-06-27 00:00:00+00:00,,Jingshi Shen,"In Ca²⁺-triggered exocytosis such as synaptic neurotransmitter release, vesicle fusion is tightly regulated by synaptotagmin (Syt) and complexin (Cpx), which together clamp partially assembled SNARE complexes to prevent premature fusion. However, Cpx is evolutionarily more ancient than Syt, suggesting that it may also regulate exocytosis independently of Syt. To test this possibility, we sought to identify an extant exocytic pathway that requires Cpx but naturally lacks Syt. Here, we uncovered such a pathway – hormone-triggered exocytosis of glucose transporters in adipocytes. In this pathway, Cpx acts exclusively as a positive regulator, accelerating the evoked phase of exocytosis without affecting basal fusion. Mechanistically, this Syt-independent activity depends on the central helix of Cpx for SNARE binding and on its C-terminal membrane-binding peptide, which remodels the lipid bilayer to promote exocytosis. Our findings support a model in which Cpx originally evolved to accelerate exocytosis independently of Ca²⁺, enabling rapid mobilization of exocytic cargoes in response to environmental cues. With the later emergence of Syt, Cpx acquired an additional role – acting in concert with Syt to regulate Ca²⁺-triggered exocytosis.",nature_html,0
Chronic suppression of a multidrug-resistant Pseudomonas aeruginosa in prosthetic joint infection using personalized bacteriophage treatment,https://www.nature.com/articles/s41467-026-74326-z,Biological sciences : Nature Communications subject feeds,2026-06-27 00:00:00 UTC,2026-06-27 00:00:00+00:00,,Kenneth L. Urish,"Multidrug resistant (MDR) bacterial infections without antibiotic options are a public health emergency. Infections associated with medical implants serve as an example. Conventional antibiotics have limited ability to eradicate these infections as they are associated with antibiotic-tolerant biofilms. Here, we report the use of bacteriophage therapy for the treatment of a MDR, non-operable Pseudomonas aeruginosa periprosthetic joint infection that had failed multiple antibiotic and surgical interventions. Treatment with intermittent bacteriophage therapy alone without antibiotics over a 2 year time period resulted in clinical resolution of the infection, but not microbiological eradication. Bacteriophage therapy established this control, in part, by altering virulence as defined by disease severity and symptoms and disrupting biofilm. Whole genome sequencing demonstrated the continued presence of bacteriophage during treatment. This provides preliminary evidence that bacteriophage therapy can be used to treat MDR infections in salvage cases when surgical and antibiotic options do not exist.",nature_html,0
Multidirectional strain-insensitive stretchable RF electronics,https://www.nature.com/articles/s41467-026-74900-5,Physical sciences : Nature Communications subject feeds,2026-06-27 00:00:00 UTC,2026-06-27 00:00:00+00:00,,Chaoyun Song,"Stretchable radio-frequency (RF) electronics underpin emerging wearable systems for body-centric communication, continuous health monitoring, and wireless power transfer. However, on-body stretchable antennas undergo multidirectional in-plane strain during natural motion, which detunes resonance and destabilizes wireless links. Existing strain-insensitive designs are typically effective only along prescribed loading directions and often compromise radiation performance. Here, we establish a systematic directional mechano-electromagnetic analysis framework for resonant planar antennas and introduce a dual-port multidirectional strain-insensitive antenna (DP-MSiA), whereby strain-insensitive resonance (shift ≤ 40 MHz at 2.45 GHz) is achieved under up to 45% strain across diverse in-plane directions. Based on the stable resonance and high realized gain of the DP-MSiA, we demonstrate strain-insensitive wireless energy harvesting with rectifiers under in-plane strain of varying direction and magnitude, as well as a strain-robust on-body communication system that sustains stable multimodal health-data transmission during natural motion. Our work opens new opportunities for creating deformation-insensitive electronics and enables integrated functionalities in wearable and embodied systems.",nature_html,0
Volcanic eruptions caused weakening AMOC during the preindustrial past millennium,https://www.nature.com/articles/s41467-026-74873-5,Earth and environmental sciences : Nature Communications subject feeds,2026-06-27 00:00:00 UTC,2026-06-27 00:00:00+00:00,,Qin Wen,"The Atlantic Meridional Overturning Circulation (AMOC) is a key component of our climate system. However, the evolution history and the forcing mechanism of AMOC in the last millennial has remained uncertain. Here, combining available paleo AMOC-sensitive indicators with multiple climate models and paleo Data Assimilation, we show, for the first time, that the AMOC transport exhibits a slow declining trend into the Little Ice Age, with a reduction of about &#x2212;0.7&#x00B1;0.4Sv."" role=""presentation"">−0.7±0.4Sv.-0.7\,\pm 0.4{Sv}. (~4%) from AD 850-1850. This weakening is mainly caused by explosive volcanic eruptions. After a rapid strengthening in the initial decade following a volcanic eruption, the AMOC tends to show a slow weakening of centennial timescale, driven by stored cooling in the deep Atlantic and its feedback on North Atlantic climate.",nature_html,0
The role of supraoptic hypothalamic arginine vasopressin neurons in aging-associated water balance and thermoregulatory deficits in male mice,https://www.nature.com/articles/s41467-026-74819-x,Biological sciences : Nature Communications subject feeds,2026-06-27 00:00:00 UTC,2026-06-27 00:00:00+00:00,,Celine E. Riera,"Aging disrupts physiological homeostasis, impairing thermoregulation, metabolism, and water balance, but the underlying neural mechanisms remain unclear. Here, we identify arginine vasopressin (AVP) neurons in the supraoptic nucleus (SON) of the hypothalamus as a critical driver of these changes in male mice. Single-nucleus RNA-sequencing revealed Avp among the most upregulated neuronal transcripts with age. Aged SONAVP neurons displayed enlarged size and heightened excitability, features consistent with hyperactivity. Chemogenetic activation of SONAVP neurons in young mice reproduced aging-associated phenotypes including hypothermia, reduced energy expenditure, and suppressed water intake. Conversely, knockdown of Avp in the SON of aged mice restored water balance, partially improved thermoregulation and metabolism. Pharmacological studies demonstrated that neuroendocrine AVP signaling mediates these deficits through distinct contributions of V1A and V2 receptors. These findings identify SONAVP neurons as a central regulator of physiological aging and a potential therapeutic target for age-related homeostatic dysfunction.",nature_html,0
Brain-inspired spatial intelligence for embodied agents,https://www.nature.com/articles/s41467-026-74358-5,Biological sciences : Nature Communications subject feeds,2026-06-27 00:00:00 UTC,2026-06-27 00:00:00+00:00,,Hang Su,"Spatial cognition enables adaptive goal-directed behavior through structured internal models of space. Robust biological systems consolidate spatial knowledge into three interconnected forms: landmarks for salient cues, route knowledge for movement trajectories, and survey knowledge for map-like representations. While recent advances in multi-modal large language models (MLLMs) have enabled visual-language reasoning in embodied agents, these efforts lack structured spatial memory and instead operate reactively, limiting their generalization and adaptability in complex real-world environments. Here we present Brain-inspired Spatial Cognition for Navigation (BSC-Nav), a unified framework for constructing and leveraging structured spatial memory in embodied agents. BSC-Nav builds allocentric cognitive maps from egocentric trajectories and contextual cues, and dynamically retrieves spatial knowledge aligned with semantic goals. Integrated with powerful MLLMs, BSC-Nav achieves state-of-the-art efficacy and efficiency across diverse embodied navigation tasks (e.g., improving success weighted by path length from 17.6% to 44.9% in instance-level navigation and from 42.7% to 53.1% in zero-shot long-horizon instruction-following), while also supporting versatile embodied behaviors in the real physical world. These results highlight a scalable path toward general-purpose spatial intelligence.",nature_html,0
Highly robust molecular information carriers for traceability of plastic materials,https://www.nature.com/articles/s41467-026-73889-1,Physical sciences : Nature Communications subject feeds,2026-06-27 00:00:00 UTC,2026-06-27 00:00:00+00:00,,Filip E. Du Prez,"Sequence-defined oligomers offer programmable molecular architectures with potential in data storage, authentication, and anticounterfeiting. However, their deployment in real-world materials has been constrained by their low scale, limited thermal resilience and the need for specialized analytical methods. Here we introduce a molecular tagging strategy based on abiotic sequence-defined oligoamides incorporated at ultralow concentrations (",nature_html,0
Production of aromatics from high density polyethylene over a hierarchical zeolite synthesised from steam-assisted crystallisation,https://www.nature.com/articles/s41467-026-74562-3,Physical sciences : Nature Communications subject feeds,2026-06-27 00:00:00 UTC,2026-06-27 00:00:00+00:00,,Buxing Han,"The conversion of high-density polyethylene wastes to aromatic feedstocks in noble-metal-free systems poses a significant challenge. Here, we report a steam-assisted synthesised zeolite (SA-HZSM-5) that can promote the conversion of high-density polyethylene to aromatics, achieving simultaneously high conversion and selectivity (85.4% and 49.2%, respectively) at 260 °C, outperforming noble metal-based catalysts, such as Ru-HZSM-5, under the same conditions. The produced aromatics predominantly consist of valuable monocyclic aromatics (circa 85%). The steam-assisted synthetic method endows a specific distribution of Lewis and Brønsted acid sites in SA-HZSM-5. In situ neutron diffraction and infrared spectroscopy, coupled with modelling, reveal a dual-site adsorption mechanism of mono-olefins intermediates, facilitating their transformation into dienes with suitable spaced double bonds, a feature that is crucial for the sequential cyclisation and dehydroaromatisation into aromatic compounds. This study underscores the potential of hierarchical zeolite materials for efficient upcycling of plastic wastes into chemical feedstocks.",nature_html,0
Broadband Radiative Heat Transfer Suppression via Dispersion-Engineered Metasurfaces,https://www.nature.com/articles/s41467-026-74805-3,Physical sciences : Nature Communications subject feeds,2026-06-27 00:00:00 UTC,2026-06-27 00:00:00+00:00,,Andrea Alù,"Suppressing radiative heat transfer using metallic reflectors fails where electrical conduction or material incompatibility are prohibitive, whereas non-metallic alternatives that rely on conventional thermophotonic approaches face fundamental performance-bandwidth trade-offs, bounded by the Bode-Fano limit. Here, we redefine the strategy for broadband radiative suppression by leveraging complementary dispersion engineering in a dielectric metasurface pair. Using stochastic gradient descent (SGD) optimization, we co-design aperiodic distributed Bragg reflector (DBR) pairs with deliberately misaligned passbands across the broad thermal band of interest, enabling effective broadband thermal decoupling within a small thickness and fabrication budget, beyond the limits of conventional approaches. Experimental validation reveals that our optimized 7-layered (7-L) metasurface pair reduces radiative heat exchange significantly compared to fused silica benchmarks, as confirmed through both angle-resolved emissivity measurements (82% reduction) and direct radiometric power quantification (62.5% reduction). Importantly, our compact system exhibits strong robustness against design and fabrication tolerance and operational temperature drift (320–500 K). This work establishes a generalizable framework for bandwidth-unconstrained thermal radiation engineering, with applications in energy-efficient systems, thermal insulation and thermal management. By circumventing the need for metallic components, our approach opens new possibilities for controlling radiative heat transfer in an all-dielectric ultrathin platform.",nature_html,0
Confined ionic order in atomic nanowires of rare-earth chlorides unveiled via symmetry-guided structural screening,https://www.nature.com/articles/s41467-026-74793-4,Physical sciences : Nature Communications subject feeds,2026-06-27 00:00:00 UTC,2026-06-27 00:00:00+00:00,,Masahiro Yamashita,"Low-dimensional materials can exhibit unusual structural, electronic, and magnetic properties that arise from nanoscale confinement and quantum effects. However, determining their local atomic structures remains challenging, especially when long-range periodicity is limited and conventional crystallographic approaches are difficult to apply. Here, we show a symmetry-guided screening strategy for resolving confined one-dimensional materials by combining scanning transmission electron microscopy with reactive force-field molecular dynamics and density functional theory. We encapsulate rare-earth chlorides within single-walled carbon nanotubes (SWCNTs) to form stable LnCl3@SWCNTs hybrids (Ln = Y, Gd, Dy, Er), which contain ordered one-dimensional atomic nanowires. The screening strategy identifies structural models that are consistent with experimental imaging and energetic stability, enabling local configurations to be distinguished. Electronic and magnetic analyses, particularly for Dy-based systems using complete active space self-consistent field calculations and Boltzmann transport theory, reveal how local symmetry and confinement influence their functional properties. This experiment–theory framework provides a broadly applicable route for probing short-range-ordered nanostructures, establishing structure–property correlations, and guiding the design of functional low-dimensional materials.",nature_html,0
Lithosphere as a bottom-up modulator of mountain vegetation resilience,https://www.nature.com/articles/s41467-026-74875-3,Earth and environmental sciences : Nature Communications subject feeds,2026-06-27 00:00:00 UTC,2026-06-27 00:00:00+00:00,,Pat J.-F. Yeh,"Understanding vegetation resilience, defined as the recovery speed of vegetation following external perturbations, is essential for predicting ecosystem stability under climate change, yet the role of lithosphere in mountain systems remains poorly understood. Here, we assess how lithology and tectonics modulate vegetation resilience across global mountains using integrated climate, soil, topography, human footprint, lithology, land-cover, and vegetation datasets. Vegetation type and temperature dominate global patterns, with resilience highest in trees, followed by herbs and shrubs, together explaining 86% of the spatial variability. After accounting for climatic and anthropogenic effects, resilience across vegetation types is strongly mediated by lithospheric pathways. Tree resilience peaks in steep, actively incising terrains underlain by erosion-resistant plutonic and metamorphic rocks, as well as dissolution-prone carbonate rocks. Herb resilience is strongly linked to soil organic carbon enriched on mafic and metamorphic rocks. Shrub resilience is primarily temperature-dependent (93%) but shows reduced warming sensitivity on nutrient-poor substrates. Moreover, resilience peaks at intermediate channel steepness (ksn ≈ 500), suggesting that moderate tectonic uplift promotes vegetation resilience. These findings identify the lithosphere as a fundamental modulator of mountain vegetation resilience and highlight geological constraints on ecosystem stability across heterogeneous landscapes.",nature_html,0
Active-learning-guided optimization of cell-free systems for genome-wide transcriptomic profiling reveals progressive layers of regulation,https://www.nature.com/articles/s41467-026-74559-y,Biological sciences : Nature Communications subject feeds,2026-06-27 00:00:00 UTC,2026-06-27 00:00:00+00:00,,Olivier Borkowski,"Understanding genome regulation is limited by the complexity of molecular interactions in living cells. Cell-free systems provide a simplified platform for studying gene expression, but low mRNA levels have prevented RNA-seq. To address this, we develop an active learning workflow combining Bayesian optimization with automated high-throughput experimentation to systematically explore over 1.6 million buffer compositions, experimentally testing 653. We identify a “mRNA-optimized” buffer (20-fold increase in mRNA yield) and a “trade-off” buffer (13-fold increase while maintaining protein production). Using direct RNA-seq, we profile the T7 phage transcriptome in cell-free systems and compare it with a purified T7-RNAP transcription system and phage-infected bacteria. This comparative analysis reveals distinct regulatory layers: the T7-RNAP system captures promoter-strength hierarchies but lacks RNA degradation, whereas cell-free systems provide an accurate estimation of in vivo expression and reveal mRNA maturation sites. This work establishes cell-free transcriptomics as a controlled approach to study genome regulation.",nature_html,0
Abrupt permafrost thaw drives exceptional carbon release across the Tibetan Plateau,https://www.nature.com/articles/s41467-026-74850-y,Earth and environmental sciences : Nature Communications subject feeds,2026-06-27 00:00:00 UTC,2026-06-27 00:00:00+00:00,,Cuicui Mu,"Climate warming is accelerating abrupt permafrost thaw, driving substantial carbon emissions. Retrogressive thaw slumps (RTSs) represent the most severe instance of abrupt permafrost thaw, yet their carbon emissions remain poorly quantified due to limited observations. Here, by synthesizing 4728 RTS incidents and 1862 in-situ CO2 and CH4 measurements from RTS-affected zones across the Tibetan Plateau, we estimate that the area of RTS susceptibility will expand by 17–19% by 2100 relative to 2022, driven primarily by precipitation changes. Compared to control areas, the ecosystem respiration rate in collapsed areas decreases by 14.4%, while CH4 release rate increases by 20.0%. The combined CO2 and CH4 release associated with RTS expansion increased 1.1-fold between 2016 and 2022. Under the intermediate Shared Socioeconomic Pathways scenario, carbon emissions from RTS-susceptible areas are projected to surge 2.7-fold by 2100. These findings highlight that abrupt thaw strengthens permafrost carbon-climate feedback in high-altitude regions, underscoring the urgent need for targeted permafrost protection strategies to achieve carbon neutrality goals.",nature_html,0
Ecological multifunctionality of watersheds increases with tree species richness,https://www.nature.com/articles/s41467-026-74914-z,Biological sciences : Nature Communications subject feeds,2026-06-27 00:00:00 UTC,2026-06-27 00:00:00+00:00,,Kerong Zhang,"Watersheds are natural units and meta-ecosystems of the earth’s land surface providing multiple ecological functions. However, little is known about the biodiversity-ecological multifunctionality relationships of watersheds, particularly regarding how these relationships scale to large and complex landscapes. Here, we explore the impact of forest tree species richness on the ecological multifunctionality of watersheds in terms of carbon sequestration, carbon storage, water supply, water regulation, and soil conservation, by utilizing integrated ground-sourced forest inventory datasets comprising 846 forest watersheds from the Global Forest Biodiversity Initiative, the Global Streamflow Indices and Metadata Archive, and remote sensing data products. We find a consistently positive relationship between forest tree species richness and watershed ecological multifunctionality by accounting for factors such as forest structural characteristics and environmental conditions. Furthermore, we find that this biodiversity-multifunctionality link is dependent on spatial scale and climatic context, becoming stronger in larger watersheds but diminishing in arid climatic conditions. These insights enhance our understanding of ecosystem multifunctionality and underscore the importance of considering watershed-scale ecological processes and biodiversity in ecosystem management and conservation strategies.",nature_html,0
Covalent pan-TEAD inhibitors block YAP activity and demonstrate brain penetrance in a Hippo-dependent cancer model,https://www.nature.com/articles/s41467-026-74722-5,Biological sciences : Nature Communications subject feeds,2026-06-27 00:00:00 UTC,2026-06-27 00:00:00+00:00,,Anwesha Dey,"TEAD transcription factors enable the oncogenic activity of deregulated Hippo signaling and are a promising therapeutic target in oncology. Targeting the TEAD lipid pocket is an established path to inhibit the oncogenic activities of cofactors YAP and TAZ. Here we present two pan-TEAD inhibitors, GNE-8025 and its in vivo brain-penetrant derivative GNE-2181, that covalently bind the lipid pocket at a conserved cysteine. Both small molecules show growth inhibition of YAP-driven tumor cells in vitro and in vivo. Moreover, we show that GNE-8025 increases the activity of a broad range of MAPK pathway inhibitors in vitro as well as the KRASG12C inhibitor Divarasib both in vitro and in vivo. In addition, GNE-2181 inhibits growth of an intracranial tumor model in vivo. Altogether we present a next-generation class of TEAD inhibitors representing a significant advancement towards potent, specific, and effective Hippo-targeting cancer therapies.",nature_html,0
Probing mixed-state phases on a quantum computer via Renyi correlators and variational decoding,https://www.nature.com/articles/s41467-026-73814-6,Physical sciences : Nature Communications subject feeds,2026-06-27 00:00:00 UTC,2026-06-27 00:00:00+00:00,,Yijian Zou,"Recent advances have defined nontrivial phases of matter in open quantum systems such as many-body quantum states subject to environmental noise. In this work, we experimentally probe and characterize mixed-state phases on Quantinuum’s H1 quantum computer using two measures: Renyi correlators and the coding performance of a quantum error-correcting code associated with the phase. As a concrete example, we probe the low-energy states of the critical transverse field Ising model under different dephasing noise channels. First, we employ shadow tomography to extract a newly proposed Renyi correlator in two distinct phases obtained by applying two different channels, observing one with faster decay and the other with slower decay. Second, we investigate the decoding fidelity of the associated quantum error-correcting code using a variational quantum circuit. We find that a shallow circuit of depth-3 is sufficient to distinguish the above-mentioned two mixed-state phases, up to L = 24. Experimentally, we observe this distinction for system sizes up to L = 8 with a depth-1 decoder. Our work is a proof of concept for the quantum simulation and characterization of mixed-state phases.",nature_html,0
NAD+ modulates mitochondrial vulnerability in MERTK-associated models of retinitis pigmentosa,https://www.nature.com/articles/s41467-026-74400-6,Biological sciences : Nature Communications subject feeds,2026-06-27 00:00:00 UTC,2026-06-27 00:00:00+00:00,,Shaochong Zhang,"Retinitis pigmentosa (RP) is the most common inherited retinal degenerative disease leading to blindness. RP is characterized by progressive loss of photoreceptors and retinal pigment epithelium (RPE), leading to retinal degeneration. The mechanisms that initiate RP and drive retinal vulnerability are poorly understood, and new strategies for preventing and treating RP are urgently needed. Although mitochondrial dysfunction initiates many neurodegenerative diseases, the contribution of mitochondrial dysfunction to RP is unclear. Single-cell RNA sequencing, transmission electron microscopy, and enzyme-linked immunosorbent assays revealed that photoreceptor and RPE cells have abnormal mitochondria in rats with RP. Nicotinamide adenine dinucleotide (NAD+) metabolism decreased in rats with RP, increasing the vulnerability to disease-related insults. Similar experimental results were observed in a Mer tyrosine kinase receptor (MERTK)-associated RP primary human RPE cell model. Electroretinography, immunofluorescence, and fundus photography revealed that oral administration of the NAD+ precursor nicotinamide mononucleotide (NMN) protected rats with RP from retinal degeneration. Single-cell RNA sequencing, siRNA targeting, and Adeno-associated virus applications demonstrated that NMN elicits therapeutic effects via the glyceraldehyde-phosphate dehydrogenase-mitochondria pathway. These results indicate that mitochondrial abnormalities may be drivers of RP, and NMN elicits therapeutic effects on RP.",nature_html,0
Large‐Area 2D Metasurface‐Based Triboelectric E‐Skin Arrays: Contact & Proximity Tactile Mapping with Broadband Acoustic Readouts (Adv. Mater. 36/2026),https://advanced.onlinelibrary.wiley.com/doi/10.1002/adma.73715?af=R,Wiley: Advanced Materials: Table of Contents,2026-06-27 14:55:55 UTC,2026-06-27 14:55:55+00:00,10.1002/adma.73715,Amit Das,"Large-Area 2D Metasurface-Based Triboelectric E-Skin Arrays An engineered triboelectric metasurface enables multimodal sensing of tactile pressure, inductive non-contact stimuli, and broadband acoustic waves. By integrating microstructured active pixels into a conformable electronic skin, the dielectric metasurface achieves spatially resolved transduction of mechanical and field-mediated inputs for advanced human-machine interfaces. More details can be found in the Research Article by Injamamul Arief and co-workers (DOI: 10.1002/adma.202521525).",openalex,0
Digital Microneedles for Multiplexed Transdermal Sensing via Fluorescent QR Codes (Adv. Mater. 36/2026),https://advanced.onlinelibrary.wiley.com/doi/10.1002/adma.73716?af=R,Wiley: Advanced Materials: Table of Contents,2026-06-27 14:55:55 UTC,2026-06-27 14:55:55+00:00,10.1002/adma.73716,Giuseppe Barillaro,"Digital Microneedles for Multiplexed Transdermal Sensing Digital microneedles convert biochemical signals in skin into binary fluorescent outputs that assemble into scannable QR codes. By transforming analog chemistry into on-off fluorescence states, digital microneedles enables calibration-free, multiplexed transdermal biosensing and establishes a digital paradigm for decentralized health monitoring. More details can be found in the Research Article by Giuseppe Barillaro and co-workers (DOI: 10.1002/adma.202518935).",openalex,0
Intelligent Acousto‐Electrical Metamaterials (IAM) for Sound Source Detection (Adv. Mater. 36/2026),https://advanced.onlinelibrary.wiley.com/doi/10.1002/adma.73717?af=R,Wiley: Advanced Materials: Table of Contents,2026-06-27 14:55:55 UTC,2026-06-27 14:55:55+00:00,10.1002/adma.73717,Xiaoyu (Rayne) Zheng,"Intelligent Acousto-Electrical Metamaterials This cover illustrates an architected piezoelectric hydrophone composed of distinct 3D micro-architectures. Unlike traditional crystals, these Intelligent Acousto-Electrical Metamaterials dynamically program piezoelectricity through geometry rather than chemistry. This structural variety yields unique electromechanical responses, enabling a single device to perform real-time, automatic sound localization of diverse underwater targets, such as marine wildlife and submerged vehicles, thereby advancing next-generation acoustic sensing. More details can be found in the Research Article by Xiaoyu (Rayne) Zheng, Victor Couëdel, and co-workers (DOI: 10.1002/adma.202513205).",openalex,0
The Resolution–Throughput Conflict In Material Extrusion Additive Manufacturing (Adv. Mater. 36/2026),https://advanced.onlinelibrary.wiley.com/doi/10.1002/adma.73718?af=R,Wiley: Advanced Materials: Table of Contents,2026-06-27 14:55:55 UTC,2026-06-27 14:55:55+00:00,10.1002/adma.73718,Jochen Mueller,"From Microscale Architected Features to Large Structural Prints This frontispiece captures the fundamental resolution–throughput tradeoff in material extrusion additive manufacturing. The flowing multiscale paths represent the interplay of material behavior, transport, and print architecture, emphasizing emerging system-level approaches that could decouple precision and speed to enable robust manufacturing across diverse materials and scales. More details can be found in the Research Article by Jochen Mueller (DOI: 10.1002/adma.73039).",openalex,0
In‐situ p‐Doping of Nanometer Tellurium‐based Oxide for Room‐Temperature CMOS Circuits (Adv. Mater. 36/2026),https://advanced.onlinelibrary.wiley.com/doi/10.1002/adma.73719?af=R,Wiley: Advanced Materials: Table of Contents,2026-06-27 14:55:55 UTC,2026-06-27 14:55:55+00:00,10.1002/adma.73719,Ao Liu,"Room-Temperature CMOS Circuits A room-temperature in-situ redox strategy enables intrinsic p-doping of nanometer tellurium-based oxide films by creating tunable Te conductive channels within an oxide matrix. The resulting p-type transistors exhibit high mobility and broadly tunable carrier density, and can be monolithically integrated with n-type oxide devices to realize fully room-temperature all-oxide CMOS circuits. More details can be found in the Research Article by Ao Liu, Mingyang Wang, Huihui Zhu, Yong-Young Noh, and co-workers (DOI: 10.1002/adma.72813).",openalex,0
Reconciling fiscal resilience with low-carbon energy goals: Sri Lanka's carbon-aligned fuel pricing,https://www.sciencedirect.com/science/article/pii/S0301421526003927?dgcid=rss_sd_all,ScienceDirect Publication: Energy Policy,2026-06-28 00:00:00 UTC,2026-06-28 00:00:00+00:00,,HyeMin Park,,,0
Deep learning-based health monitoring and prognostics for nuclear power plants: a systematic review,https://www.sciencedirect.com/science/article/pii/S0306261926009062?dgcid=rss_sd_all,ScienceDirect Publication: Applied Energy,2026-06-28 00:00:00 UTC,2026-06-28 00:00:00+00:00,,Xuefeng Chen,,,0
Wind power forecasting with deep representation: A survey,https://www.sciencedirect.com/science/article/pii/S0306261926007580?dgcid=rss_sd_all,ScienceDirect Publication: Applied Energy,2026-06-28 00:00:00 UTC,2026-06-28 00:00:00+00:00,,Haibin Zhang,,,0
Energy modeling for a low-carbon future and global decarbonization,https://www.sciencedirect.com/science/article/pii/S0306261926008688?dgcid=rss_sd_all,ScienceDirect Publication: Applied Energy,2026-06-28 00:00:00 UTC,2026-06-28 00:00:00+00:00,,Muhammad Shahzad Zafar,,,0
A review of electrochemical process-driven recycling and regeneration technologies for lithium-ion batteries,https://www.sciencedirect.com/science/article/pii/S0306261926008263?dgcid=rss_sd_all,ScienceDirect Publication: Applied Energy,2026-06-28 00:00:00 UTC,2026-06-28 00:00:00+00:00,,Dean Pan,,,0
Dynamic multi-objective operation optimization of dimethyl oxalate hydrogenation process under green hydrogen flow fluctuation,https://www.sciencedirect.com/science/article/pii/S030626192600749X?dgcid=rss_sd_all,ScienceDirect Publication: Applied Energy,2026-06-28 00:00:00 UTC,2026-06-28 00:00:00+00:00,,Jian Chu,,,0
Data-driven energy sharing in collective self-consumption communities: a medium-term predictive ensemble framework,https://www.sciencedirect.com/science/article/pii/S0306261926009256?dgcid=rss_sd_all,ScienceDirect Publication: Applied Energy,2026-06-28 00:00:00 UTC,2026-06-28 00:00:00+00:00,,Jose Miguel Riquelme-Dominguez,,,0
Spatiotemporal supply-demand matching in residential building rooftop photovoltaics (PV) under climate change: a cross-climate zone assessment,https://www.sciencedirect.com/science/article/pii/S0306261926008640?dgcid=rss_sd_all,ScienceDirect Publication: Applied Energy,2026-06-28 00:00:00 UTC,2026-06-28 00:00:00+00:00,,Jian Zuo,,,0
Enhancing current distribution estimation in parallel battery modules using neural network ensembles,https://www.sciencedirect.com/science/article/pii/S0306261926008962?dgcid=rss_sd_all,ScienceDirect Publication: Applied Energy,2026-06-28 00:00:00 UTC,2026-06-28 00:00:00+00:00,,Limei Wang,,,0
Prediction of high-frequency resistance for automotive PEMFC stacks using a Bayesian-optimized LSTM-XGBoost fusion model,https://www.sciencedirect.com/science/article/pii/S030626192600872X?dgcid=rss_sd_all,ScienceDirect Publication: Applied Energy,2026-06-28 00:00:00 UTC,2026-06-28 00:00:00+00:00,,Zixuan Cheng,,,0
Steady-state dynamics of an offshore hybrid wind-wave energy conversion system,https://www.sciencedirect.com/science/article/pii/S0306261926008810?dgcid=rss_sd_all,ScienceDirect Publication: Applied Energy,2026-06-28 00:00:00 UTC,2026-06-28 00:00:00+00:00,,Feifei Cao,,,0
Dynamic degradation mechanisms of PEM water electrolysis membrane electrode assembly under multiple operating conditions,https://www.sciencedirect.com/science/article/pii/S0306261926008755?dgcid=rss_sd_all,ScienceDirect Publication: Applied Energy,2026-06-28 00:00:00 UTC,2026-06-28 00:00:00+00:00,,Depeng Kong,,,0
Integrated multiscale modeling and coordinated balance-of-plant optimization to maximize vehicle system efficiency in a heavy-duty fuel cell electric vehicle,https://www.sciencedirect.com/science/article/pii/S0306261926009128?dgcid=rss_sd_all,ScienceDirect Publication: Applied Energy,2026-06-28 00:00:00 UTC,2026-06-28 00:00:00+00:00,,Kyoungdoug Min,,,0
Physics-informed neural networks for wind turbine wake prediction: Constraint hierarchy under varying data density,https://www.sciencedirect.com/science/article/pii/S0306261926008901?dgcid=rss_sd_all,ScienceDirect Publication: Applied Energy,2026-06-28 00:00:00 UTC,2026-06-28 00:00:00+00:00,,Yong Jiang,,,0
A stochastic simulation framework for EV charging station dynamic pricing with leader-driven dream optimization algorithm,https://www.sciencedirect.com/science/article/pii/S0306261926008998?dgcid=rss_sd_all,ScienceDirect Publication: Applied Energy,2026-06-28 00:00:00 UTC,2026-06-28 00:00:00+00:00,,YuanBin Mo,,,0
Digital twin-driven deep reinforcement learning for coordinated scheduling and state prediction of distributed energy storage clusters,https://www.sciencedirect.com/science/article/pii/S0306261926009049?dgcid=rss_sd_all,ScienceDirect Publication: Applied Energy,2026-06-28 00:00:00 UTC,2026-06-28 00:00:00+00:00,,Li Zhou,,,0
Adaptive risk-difference-based network pricing for shared energy storage in distribution networks,https://www.sciencedirect.com/science/article/pii/S0306261926009153?dgcid=rss_sd_all,ScienceDirect Publication: Applied Energy,2026-06-28 00:00:00 UTC,2026-06-28 00:00:00+00:00,,Siyu Ma,,,0
"How geopolitical risks, green finance, and environmental technologies dynamics shape energy trilemma in BRICS economies?",https://www.sciencedirect.com/science/article/pii/S0301421526003873?dgcid=rss_sd_all,ScienceDirect Publication: Energy Policy,2026-06-28 00:00:00 UTC,2026-06-28 00:00:00+00:00,,Daniel Balsalobre-Lorente,,,0
Alleviating energy poverty through grid modernization: Micro-evidence from China's ultra-high-voltage transmission projects,https://www.sciencedirect.com/science/article/pii/S030142152600385X?dgcid=rss_sd_all,ScienceDirect Publication: Energy Policy,2026-06-28 00:00:00 UTC,2026-06-28 00:00:00+00:00,,Xin Zhao,,,0
How do green certificate and carbon emission trading impact clean energy investment? Evidence from evolutionary game modeling,https://www.sciencedirect.com/science/article/pii/S0301421526003691?dgcid=rss_sd_all,ScienceDirect Publication: Energy Policy,2026-06-28 00:00:00 UTC,2026-06-28 00:00:00+00:00,,Lei Cheng,,,0
Collateral impact: U.S.-China tensions and energy transition in third countries,https://www.sciencedirect.com/science/article/pii/S0301421526003605?dgcid=rss_sd_all,ScienceDirect Publication: Energy Policy,2026-06-28 00:00:00 UTC,2026-06-28 00:00:00+00:00,,Qianying Chen,,,0
Dynamic responses of wind turbines under unwaked and waked conditions,https://www.sciencedirect.com/science/article/pii/S0306261926009098?dgcid=rss_sd_all,ScienceDirect Publication: Applied Energy,2026-06-28 00:00:00 UTC,2026-06-28 00:00:00+00:00,,Zheng Li,,,0
Spectrally selective c-Si agrivoltaic modules: Evaluating a new approach,https://www.sciencedirect.com/science/article/pii/S0306261926009207?dgcid=rss_sd_all,ScienceDirect Publication: Applied Energy,2026-06-28 00:00:00 UTC,2026-06-28 00:00:00+00:00,,Timothy W. Schmidt,,,0
Inherent Microstructural Engineering: Tailoring Amorphous‐Nanocrystalline Composite Films via Ion Beam Technology for Long‐Cycle Lithium Metal Batteries,https://advanced.onlinelibrary.wiley.com/doi/10.1002/adma.73795?af=R,Wiley: Advanced Materials: Table of Contents,2026-06-28 05:34:59 UTC,2026-06-28 05:34:59+00:00,10.1002/adma.73795,Bin Liao,"ABSTRACT
                  Lithium metal anode faces formidable challenges from uncontrollable dendrite growth and unstable solid‐electrolyte interphase (SEI). Interface engineering of the current collectors (CCs) or lithium anodes presents a viable solution. We propose engineering the intrinsic microstructure of coatings to precisely construct interlayers that are both lithiophilic and possess rapid kinetics. A strategy using ion beam deposition (IBD) technology to craft ZnMgSn films with composite microstructures on commercial Cu CCs and lithium foils is reported. This artificial interphase not only exhibits a strongly lithium adsorption energy, but also significantly reduces the diffusion barrier for lithium atoms, thereby synergistically enabling uniform lithium plating. Crucially, this interphase promotes the in‐situ formation of a mechanically robust, bilayer SEI rich in LiF, which can effectively accommodate volume changes during cycling. As a result, the ZnMgSn@Cu CC symmetric cell achieves an ultralong lifespan of over 11000 h. The full cell shows a capacity retention of 85.13% after 130 cycles at 5C. The modified lithium anode maintains over 80% capacity after 620 cycles at 1C. This work not only provides an efficient modification strategy but also offers profound insights into the microscopic design principles for an ideal lithium metal interphase, paving the way for practical lithium metal batteries.",crossref,0
A Message from the Editor-in-Chief,https://iopscience.iop.org/article/10.1088/1741-4326/ae7e09,Nuclear Fusion - latest papers,2026-06-28 23:00:00 UTC,2026-06-28 23:00:00+00:00,10.1088/1741-4326/ae7e09,Francesca M Poli,,,0
