stable_id,title_zh,abstract_zh
b32f16b4d5b41037,解耦太阳反射与热发射实现用于建筑节能的深亚环境辐射制冷,一种白色红外透明气凝胶在抑制寄生热增益的同时解耦了太阳反射与热发射，实现了深度低于环境温度的冷却，并在不同气候条件下提升了建筑节能效果。
1b830f8fa2a3896e,配体工程化纳米晶种子实现反式钙钛矿太阳能电池27.07%的认证稳态效率,经合理设计的配体修饰的CsPbI3纳米晶种子触发异相成核，制备出低缺陷的反式钙钛矿薄膜，实现了认证的27.07%稳态效率并提升了器件稳定性。
c868be915287cd45,CeO2上协同Rh1–Ru1异核双单原子位点用于芳香液体有机储氢载体的加速深度加氢,CeO2负载的Rh–Ru双原子催化剂在温和条件下可高效加氢多种液体有机储氢载体。Rh–Ru协同作用增强了底物活化与氢转移，使其在80 °C和2–4 MPa H2条件下表现出高活性。
310856e14f8fc6f7,钙钛矿光伏中物理可解释的闭环优化与可解释工艺洞察,一种机器学习驱动的贝叶斯优化框架高效优化了钙钛矿太阳能电池的工艺，提升了光伏性能，并揭示了关键的工艺-性能关系。
852d4944093e4fbe,从Si到SiOx：通过抑制裂纹和被困Li实现全固态电池负极的范式转变,本工作揭示了SiOx负极在ASSB体系中的演化机制，并为理性设计负极建立了设计原则。
9b140b4c7df5cfe4,钙钛矿中化学键依赖的降解行为,脆弱的铅–卤键与阳离子–晶格库仑相互作用限制了钙钛矿的晶格稳定性。通过Sn掺杂的键工程策略加固了该骨架，有效提升了晶格稳定性。
bc45b3d88bf96d70,可推广的动态-刚性溶剂化化学实现超低温钠离子电池的温度依赖SEI,普适性动态-刚性溶剂化化学用于超低温钠离子存储。
dd0f55d3cbdbd9c9,协同耦合增强与畸变抑制实现17.7%效率的CsPbI3量子点太阳能电池开发,原位非侵入性封端策略利用乙酰乙酸苯酯促进更深度的油酸酯-至-乙酸酯配体交换，同时保持CsPbI 3量子点的立方结构，使太阳能电池实现17.66%的效率（认证效率17.07%）。
729c942b291e4a70,通过operando X射线吸收光谱在工业级零间隙水电解槽中洞察Ir动力学,同步辐射兼容的水电解槽能够在≥2 A cm −2的纯水供给工业相关系统中，在工况条件下追踪Ir的氧化还原动力学，揭示了与催化剂耐久性相关的间歇运行行为。
10397f77f3c26bcd,使用绿色溶剂制备高效钙钛矿太阳能电池的预测方法,该研究引入了一种半经验方法来鉴定用于加工钙钛矿太阳能电池的绿色溶剂，证明此类溶剂在改善环境和安全性的同时能够实现令人期待的器件性能。
78ba17a186b890b1,竞争性异阳离子配位实现无负极钠电池耐用的分层界面,在相同阴离子电解液中，异质Li +通过竞争性配位调节Na +溶剂化，实现了富Na/富LiF的梯度界面相形成，以及无负极钠电池中高度可逆的Na沉积/剥离。
915b8f651edbb81a,动力学耦合衍生界面用于极端电池,平衡的界面动力学能够实现及时的初始钝化，同时限制过度的界面相生长。因此，界面富集与还原反应之间的动力学匹配使得在石墨上能够形成可持续的SEI。
33eabbc4e3808dfa,在晶态多孔有机框架中工程化多组分协同作用：生物分子整合的新范式,本综述确立了多组分协同作为生物分子整合于晶态多孔有机框架中的新范式。
470efcf35057ecb8,共价有机框架的电子结构调控实现电子离域和轨道耦合，用于快速动力学和耐久型锌–碘电池,中心单元电子结构工程增强了碘吸附，加速了氧化还原动力学，提高了碘转化效率，并使基于双电子和四电子碘化学的Zn–I2电池实现稳定循环。
edd08cab7e38535e,过渡金属催化烯烃的对映选择性碳胺化反应,本综述重点介绍了对映选择性烯烃碳胺化反应的发展，追溯了从Pd/Rh介导的有机金属循环到由地球丰产金属（Co、Ni、Cu和Fe）催化的多样化策略的机理范式。
32ccd850b1967b5b,用于水净化的杂环共价有机框架膜,本综述全面概述了用于水处理的HC-COFMs，涵盖设计、理化性质、制备策略和应用，同时概述了下一代膜面临的挑战和未来方向。
b64252028e3db019,多金属氧酸盐杂化金属纳米粒子在催化中的应用,本综述重点介绍了最新进展，并为多金属氧酸盐杂化金属纳米粒子在催化、能量转换及相关应用领域提供了全面的框架。
6d2a564ce16c6cce,开链和环状氮烯离子：生成、表征、结构与（生物）化学反应性,氮烯离子是包含开链和环状系统的缺电子氮物种，具有多样的生成途径、电子结构、反应性、催化作用、光谱与结构特征以及（生物）化学意义。
d3e189b31d2d418d,溶解度引导的层间设计实现石榴石固态电池中平衡的锂金属沉积和剥离,一种溶解度引导的设计策略将锂层间溶解度与沉积-剥离行为相关联，识别出能够平衡均匀成核与无空洞剥离的材料。
7527bc92fcc775ca,二维磁性材料的耦合、裁剪与应用,本综述介绍了二维磁性材料家族，总结了其磁耦合机制和多场调控策略，并讨论了在自旋电子学、量子器件、类脑计算中的应用及面临的挑战。
3748062db28dda16,单原子催化剂促进自由基介导的有机合成,单原子催化剂为自由基介导的有机合成提供了孤立且可调的金属位点，实现了高效的自由基生成、选择性转化和可持续催化方法。
bb213506c1a45ed1,免疫治疗时代靶向Toll样受体：TLR调节剂背后的化学,本综述总结了TLR配体的化学多样性，重点关注分子设计、构效关系、选择性决定因素以及下一代免疫治疗学的机遇。
a62c8aa0238a5555,氢钝化稳定边缘定位单原子金属位点用于电催化,负载于氮掺杂碳上的单原子催化剂（SACs）已成为有前景的非贵金属电催化剂。然而，其实际应用常常受到稳定性不足的阻碍。特别是，具有边缘金属位点的SACs，尽管……
168b66b90e871999,双场响应纳米流体膜用于高性能渗透能发电,我们通过将光活性共价有机框架与层间Cu+桥联相结合，设计了一种双响应纳米流体C-AL/GO膜，在真实海水|河水条件下实现了34.61 W m−2的可观功率密度。
5ef1ca0a2a24952c,揭示隐藏结：面向高效太阳能电池的埋底钙钛矿/SAM界面计量学,对自组装单分子层（SAMs）与钙钛矿之间埋藏界面的战略性工程化已将钙钛矿太阳能电池（PSCs）的认证效率推升至27%以上。然而，其本质上不可触及的特性……
2d403fd01e4d13b7,勘误：释放非贵金属异质催化剂在选择性加氢反应中的催化潜力,"对Wanbing Gong等人发表于Chem. Soc. Rev., 2025, 54, 960–982的论文‘Unlocking the catalytic potential of heterogeneous nonprecious metals for selective hydrogenation reactions’（https://doi.org/10.1039/d4cs01005a）的更正。"
1974cf02f661eefa,碳酸氢盐溶液中电化学还原CO 2为CO的模拟,使用包含Pt阳极、Nafion……的膜电极组件（MEA），可以以节能的方式从以KHCO3形式吸收于KOH中的CO2制取CO和合成气
c505ed493b66ceab,通过高熵金属间化合物(110)晶面的几何匹配重定向Li-CO₂电池化学,将Li-CO₂电池反应导向Li₂C₂O₄路径极具吸引力，但其亚稳态性质在动力学上阻碍了这一过程，使其易发生歧化反应生成Li₂CO₃。本文中，我们超越……
8e5f59eaf1203d33,通过将Cu–Ln对限制在桨轮型金属有机框架中工程化直接3d–4f轨道耦合以实现高效CO 2电化学甲烷化,通过将Cu–Er对限制在桨轮框架中实现的直接3d–4f轨道耦合增强了*CO吸附并降低了*CO → *CHO能垒，实现了高效的CO₂电化学甲烷化，CH₄法拉第效率达82%。
2309c5203c296d89,倒置钙钛矿太阳能电池中通过双侧界面锚定强化埋底结,埋藏界面剥离是倒置钙钛矿太阳能电池（PSCs）运行稳定性差的主要原因。然而，传统自组装单分子层主要优化能级排列，未能建立……
a035f001559840a6,高能量密度金属-硫电池的硫正极设计：从液态到固态电解质电池,本综述将硫正极设计确立为高能量密度金属-硫电池的统一框架，展示了在液态和固态电解质体系中必须如何协调化学、传输和力学因素。
4a529b607b0c1224,从Fenton反应到铁死亡：金属络合物在脂质过氧化调控细胞死亡中的化学,金属配合物是铁死亡（一种铁依赖性氧化性细胞死亡）的强效触发因子，其氧化还原活性和可调的配体框架能够选择性破坏抗氧化防御，用于下一代抗癌疗法。
e45416334a04c9c4,翻转双层结构为质子传导固体氧化物燃料电池提供创纪录的无Ba/Co正极,一种具有富缺陷YSB的无Ba/Co倒置双层正极为H-SOFC提供了创纪录的高功率密度，优于所有无Ba/Co正极以及大多数含Ba/Co正极。
0679b9d5a0cc2fca,释放电致变色窗的节能潜力,通过在每个时间步最小化建筑总能耗，我们建立了一种定义电致变色窗光学目标和运行方案的新范式，避免了控制引起的能量惩罚并释放了其节能潜力。
b8fc5fd56d929483,通过Zn介导的有机氟化物还原形成全氟化界面相用于高能锌金属软包电池,Zn介导的全氟十四酸电化学还原将自组装的超疏水层转化为梯度有机氟/ZnF 2界面。该氟化界面使Zn-I 2电池实现>52 000次循环，软包电池达到184 Wh L −1。
153bb7fe32a53edb,一种受猎鹰启发的机械驱动电力斗篷实现自主体表供电,猎鹰启发的动力披风有效地将生物机械能转化为电能，实现体域能源自给。
75fe1f381ca8029d,绿色印刷材料与技术的最新进展,绿色印刷集成了液滴操控、材料组装和多尺度图案化，能够在大面积上制备功能材料和器件，同时减少材料用量、加工步骤、生产成本和化学废料。
f0631d67839a82dd,可充电电池中的高熵材料：设计原则与结构-性能关联,本综述阐明了高熵材料的组成设计原则与结构–性能关联，将四种核心物理效应与元素选择相联系，以推动先进可充电电池的发展。
b28d84c3ef92691e,更正：由具有pH缓冲能力的微量添加剂实现的高可逆锌负极,"对Xiaohui Ma等人在Energy Environ. Sci., 2025, 18, 982–990上发表的‘Highly reversible zinc anode enabled by a trace-amount additive with pH buffering capability’（https://doi.org/10.1039/D4EE04870A）一文的更正。"
36177fae30cc421c,SnO2的电子均质化实现高效且可扩展的钙钛矿太阳能电池,大面积钙钛矿太阳能电池和组件是实现产业化的重要方向，然而在放大过程中，由于各功能层的空间均匀性不足，其性能受到严重影响。在……
0f15993087a19a16,窄谱带强吸收荧光染料：分子设计策略及电致发光应用,窄带、强吸收的荧光染料因在高色纯度OLED中的应用而受到越来越多的关注。基于共振平衡调控，我们总结了结构–光谱性能关系及电致发光进展。
307afabf7db0c4b3,人工智能驱动的药物化学与转化药物研发,药物化学处于现代药物发现的核心位置，然而将分子设计转化为获批药物仍然缓慢、昂贵，且在从靶点识别到临床验证的整个流程中面临高淘汰率。
58f45fa28b900e83,全分子铁电复合电解质将自发极化与竞争性配位相结合用于耐久型富镍固态锂金属电池,分子铁电体通过自发极化和竞争性配位实现快速锂离子传输和稳定的固态锂金属电池。
a4d5557c2f657b3c,通过不对称界面活化打破醚基电解质的电位极限以实现高能量密度钠离子电池,提出了一种非对称界面活化（AIA）策略，通过在高能量密度钠离子电池中使用NaDFP添加剂，解决正极和负极对电解质需求之间的固有矛盾。
a628b82cb0d881a6,受树枝启发的、由直接接触加热面驱动的压缩MOF模块装置用于大气集水,基于金属有机框架（MOFs）的大气集水（AWH）技术可将丰富的水蒸气转化为液态水，有望为产水提供一种有效的解决方案……
e9aef89dcc0eb9e2,一种基于天然矿物/聚合物的无卤固态电解质实现抑制高压自放电的稳定四电子碘化学,四电子碘转化化学为高能量密度静态锌碘电池提供了一条有前景的途径，但其实际应用受到多碘化物穿梭、正价碘物种水解以及……的严重限制。
4f1f07fbc054379f,从化学视角看交替磁性,本综述从化学驱动角度对交替磁性材料进行了阐述。晶体化学、对称性、键合和电子结构被强调为这一新近发现的磁性材料类别的关键促成因素。
0fcc0f2ba53c5e86,单细胞内的光学多物理场成像,细胞内能量转换和信息传递与多种物理场的局部波动相关，包括化学浓度场、热场、磁场、电场和机械力场。
270c8a5f2f257ffe,牺牲能量密度未能保障安全性：正极结构决定钠离子电池的安全性,由于地壳中元素储量丰富，钠离子电池被广泛认为是锂离子电池极具前景的继任者。钠离子电池较低的能量密度常常……
